{"cameraMode":{"drawMode":0,"name":"Shaded","section":"Shading Mode"},"sceneLighting":true,"audioPlay":false,"sceneViewState":{"showFog":true,"showMaterialUpdate":false,"showSkybox":true,"showFlares":true,"showImageEffects":true,"showParticleSystems":true},"in2DMode":false,"pivot":{"x":891.2614135742188,"y":2206.4130859375,"z":203.13526916503907},"rotation":{"x":-0.4133871793746948,"y":0.561352550983429,"z":-0.3828076422214508,"w":-0.6061966419219971},"size":1.2247449159622193,"orthographic":false}